age,job,marital,education,default,balance,housing,loan,contact,day,month,duration,campaign,pdays,previous,poutcome,deposit
33,technician,married,secondary,no,303,yes,no,cellular,3,feb,355,1,301,5,success,yes
35,management,single,tertiary,no,1750,yes,no,cellular,21,apr,333,3,-1,0,unknown,yes
35,technician,single,secondary,no,4645,yes,no,cellular,11,jan,502,3,270,40,other,no
35,self-employed,married,tertiary,no,2427,no,no,cellular,12,jul,210,3,158,7,other,yes
34,admin.,single,secondary,no,79,yes,no,cellular,28,jul,219,3,-1,0,unknown,no
55,management,married,tertiary,no,154,no,no,telephone,11,may,70,2,367,3,failure,no
60,blue-collar,divorced,secondary,no,0,yes,no,unknown,29,may,1207,1,-1,0,unknown,yes
28,management,single,tertiary,no,882,no,yes,cellular,8,jul,107,2,-1,0,unknown,no
43,management,married,tertiary,no,839,no,no,cellular,22,jul,942,1,-1,0,unknown,yes
35,technician,divorced,secondary,no,515,yes,yes,cellular,29,aug,114,3,-1,0,unknown,no
27,services,single,secondary,no,54,yes,no,unknown,28,may,543,2,-1,0,unknown,yes
22,blue-collar,single,secondary,no,-51,yes,no,cellular,15,may,859,1,-1,0,unknown,yes
54,technician,married,secondary,no,10185,no,no,cellular,10,aug,559,1,70,2,other,yes
54,unemployed,divorced,secondary,no,1664,no,no,cellular,15,sep,106,1,105,3,success,yes
30,technician,single,secondary,no,148,yes,yes,cellular,15,may,115,5,-1,0,unknown,no
31,technician,single,tertiary,no,1109,no,no,cellular,5,feb,642,1,167,2,failure,yes
42,blue-collar,married,secondary,no,490,yes,no,unknown,5,may,386,2,-1,0,unknown,no
39,admin.,divorced,secondary,no,19,yes,no,cellular,2,jul,503,2,147,5,success,yes
49,management,married,tertiary,no,1167,yes,yes,cellular,24,sep,249,1,91,14,success,yes
35,management,married,tertiary,no,648,no,no,cellular,30,jul,674,2,-1,0,unknown,no
34,management,single,tertiary,no,404,yes,no,cellular,5,feb,10,6,-1,0,unknown,no
37,admin.,married,tertiary,no,3913,yes,no,cellular,27,apr,124,1,-1,0,unknown,yes
35,services,married,tertiary,no,4564,no,no,cellular,18,aug,45,6,-1,0,unknown,no
29,management,single,tertiary,no,874,yes,no,cellular,16,sep,152,1,103,1,success,yes
35,blue-collar,married,secondary,no,262,no,no,cellular,15,mar,427,1,181,3,success,yes
35,entrepreneur,married,secondary,no,1163,yes,no,unknown,20,may,284,1,-1,0,unknown,no
44,blue-collar,married,unknown,no,146,yes,no,unknown,15,may,483,1,-1,0,unknown,yes
42,technician,divorced,tertiary,no,802,no,no,telephone,28,jan,119,2,-1,0,unknown,no
32,services,married,secondary,no,250,yes,no,unknown,29,may,202,1,-1,0,unknown,no
50,blue-collar,single,primary,no,1743,yes,no,unknown,6,jun,49,5,-1,0,unknown,no
48,management,single,tertiary,no,334,yes,no,cellular,28,sep,600,2,92,12,success,yes
52,management,married,primary,no,48,no,no,unknown,9,jun,135,2,-1,0,unknown,no
42,management,married,tertiary,no,-700,yes,no,unknown,14,may,110,1,-1,0,unknown,no
43,management,divorced,tertiary,no,580,yes,no,cellular,11,may,1514,1,284,2,failure,yes
40,admin.,divorced,secondary,no,2129,no,no,cellular,30,apr,452,1,-1,0,unknown,yes
58,entrepreneur,married,tertiary,no,853,no,no,unknown,5,jun,1149,2,-1,0,unknown,yes
62,management,married,tertiary,no,2785,no,no,cellular,6,jul,270,3,-1,0,unknown,yes
52,retired,divorced,tertiary,no,3687,yes,yes,unknown,16,jun,741,4,-1,0,unknown,yes
41,blue-collar,married,secondary,no,4910,yes,no,cellular,3,apr,1090,1,-1,0,unknown,no
56,technician,single,secondary,no,751,yes,no,cellular,15,may,43,8,177,5,failure,no
36,unemployed,married,tertiary,no,4145,no,no,unknown,20,jun,988,4,-1,0,unknown,yes
33,technician,single,secondary,no,2979,no,no,cellular,5,aug,326,2,437,1,failure,yes
38,admin.,divorced,secondary,no,3834,yes,no,cellular,13,apr,363,2,327,1,failure,no
27,student,single,tertiary,no,5291,no,no,cellular,12,nov,192,2,92,2,failure,yes
28,student,single,secondary,no,69,no,no,cellular,30,jan,532,2,-1,0,unknown,yes
59,blue-collar,married,secondary,yes,-918,yes,no,unknown,16,jun,253,2,-1,0,unknown,no
49,blue-collar,married,unknown,no,51,yes,no,unknown,7,may,984,1,-1,0,unknown,no
37,management,married,tertiary,no,578,yes,no,cellular,8,aug,401,4,-1,0,unknown,no
30,services,single,primary,no,5746,yes,no,telephone,20,nov,125,2,-1,0,unknown,no
35,technician,married,secondary,no,249,no,no,cellular,21,aug,205,8,-1,0,unknown,no
32,admin.,married,secondary,no,1661,yes,no,cellular,5,feb,76,1,209,2,failure,no
55,entrepreneur,married,secondary,no,27624,no,no,telephone,3,jun,437,1,-1,0,unknown,yes
19,student,single,secondary,no,394,no,no,cellular,5,apr,327,3,-1,0,unknown,yes
43,management,single,secondary,no,109,yes,no,unknown,27,may,64,3,-1,0,unknown,no
43,management,married,tertiary,no,8,no,no,cellular,11,aug,95,4,-1,0,unknown,no
50,admin.,divorced,secondary,no,363,yes,no,unknown,16,may,1340,1,-1,0,unknown,yes
44,management,divorced,tertiary,no,2422,yes,no,cellular,16,apr,399,2,269,2,failure,no
41,technician,married,secondary,no,2152,no,no,cellular,30,sep,134,1,121,1,other,no
46,technician,divorced,secondary,no,-90,no,yes,telephone,17,oct,270,1,-1,0,unknown,yes
56,management,married,secondary,no,230,no,no,unknown,9,may,73,4,-1,0,unknown,no
36,technician,single,secondary,no,0,no,no,cellular,28,aug,8,13,-1,0,unknown,no
32,management,married,tertiary,no,794,yes,yes,cellular,9,jul,1014,1,-1,0,unknown,yes
33,admin.,married,tertiary,no,882,no,no,cellular,22,apr,104,1,183,4,failure,yes
46,management,divorced,tertiary,no,2166,yes,no,cellular,23,jul,870,1,-1,0,unknown,yes
29,unemployed,single,secondary,no,25,no,no,cellular,14,apr,207,2,-1,0,unknown,yes
39,housemaid,married,secondary,no,1444,no,no,telephone,25,jul,362,8,-1,0,unknown,yes
65,retired,married,primary,no,3629,no,no,cellular,27,apr,148,1,-1,0,unknown,yes
48,blue-collar,married,primary,no,816,yes,no,cellular,31,jul,114,7,-1,0,unknown,no
45,management,divorced,tertiary,no,3150,yes,no,cellular,17,nov,101,2,-1,0,unknown,no
69,retired,married,unknown,no,426,no,no,telephone,10,sep,211,2,185,2,success,yes
57,management,divorced,tertiary,no,3287,no,no,cellular,22,jun,867,1,84,3,success,yes
45,blue-collar,divorced,secondary,no,756,yes,no,unknown,6,may,179,2,-1,0,unknown,no
38,technician,married,tertiary,no,1042,yes,no,cellular,4,feb,419,2,-1,0,unknown,no
29,technician,single,secondary,no,113,no,no,cellular,12,feb,328,2,183,4,success,yes
34,management,married,tertiary,no,611,no,no,cellular,2,jun,350,1,-1,0,unknown,yes
34,services,married,secondary,no,22,yes,no,unknown,6,may,344,1,-1,0,unknown,no
58,unemployed,married,secondary,no,687,yes,no,cellular,7,aug,221,1,99,2,success,yes
36,services,married,secondary,no,394,no,no,cellular,5,aug,324,1,-1,0,unknown,yes
34,management,single,tertiary,no,682,no,no,cellular,27,aug,472,3,-1,0,unknown,no
36,blue-collar,married,primary,no,408,yes,yes,unknown,20,may,1063,2,-1,0,unknown,yes
35,management,single,tertiary,no,1396,yes,no,cellular,13,may,809,1,300,1,failure,yes
26,management,married,tertiary,no,775,no,no,unknown,19,may,35,3,-1,0,unknown,no
34,blue-collar,single,secondary,no,4536,yes,no,cellular,21,nov,963,1,-1,0,unknown,yes
23,services,single,secondary,no,279,yes,no,cellular,18,may,843,1,370,1,failure,yes
24,services,single,secondary,no,11,yes,no,unknown,27,jun,114,4,-1,0,unknown,no
38,admin.,divorced,secondary,no,19,yes,no,cellular,5,feb,1130,3,251,2,success,yes
36,admin.,married,secondary,no,212,yes,yes,cellular,23,jul,1201,6,-1,0,unknown,yes
24,admin.,single,tertiary,no,1141,yes,no,unknown,23,may,230,1,-1,0,unknown,no
56,blue-collar,married,primary,no,0,yes,no,cellular,17,jul,82,1,-1,0,unknown,no
57,retired,married,secondary,no,91,no,yes,unknown,3,jul,256,3,-1,0,unknown,no
36,admin.,married,secondary,no,0,no,yes,cellular,29,jul,113,8,-1,0,unknown,no
26,student,single,secondary,no,132,no,no,cellular,1,oct,194,1,119,1,success,yes
38,management,married,tertiary,no,5432,yes,yes,cellular,17,apr,707,1,149,2,failure,no
33,technician,married,tertiary,no,16992,yes,no,unknown,29,may,58,1,-1,0,unknown,no
30,blue-collar,single,secondary,no,1598,yes,no,cellular,10,jul,634,1,-1,0,unknown,yes
46,blue-collar,married,secondary,no,1568,yes,no,cellular,2,jun,310,1,55,6,other,yes
49,technician,married,tertiary,no,-888,no,yes,cellular,21,jul,298,1,-1,0,unknown,no
60,management,single,tertiary,no,560,no,no,cellular,15,may,730,5,-1,0,unknown,yes
55,management,married,unknown,no,559,no,no,cellular,28,jan,271,2,-1,0,unknown,no
44,admin.,single,secondary,no,733,yes,no,cellular,4,dec,360,2,105,5,success,yes
45,blue-collar,married,secondary,no,61,yes,no,unknown,26,may,745,4,-1,0,unknown,yes
34,technician,married,secondary,no,159,yes,no,cellular,18,oct,252,1,-1,0,unknown,yes
59,management,married,tertiary,no,2764,no,no,cellular,18,feb,459,1,56,3,failure,no
36,management,married,tertiary,no,495,no,no,cellular,12,mar,213,3,182,6,success,yes
58,entrepreneur,married,secondary,no,670,yes,no,cellular,12,may,1272,1,-1,0,unknown,yes
24,student,single,secondary,no,423,yes,no,unknown,5,may,226,3,-1,0,unknown,no
28,blue-collar,single,secondary,no,759,yes,no,unknown,9,may,710,1,-1,0,unknown,yes
44,technician,married,secondary,no,1139,yes,no,cellular,30,jan,64,1,-1,0,unknown,no
37,technician,married,secondary,no,1,yes,no,unknown,6,may,608,1,-1,0,unknown,yes
40,student,married,secondary,no,260,no,no,cellular,19,nov,52,1,152,6,failure,no
29,blue-collar,single,secondary,no,244,yes,no,cellular,15,may,19,2,-1,0,unknown,no
51,unemployed,married,primary,no,1162,yes,no,cellular,25,jul,2015,1,-1,0,unknown,yes
33,services,married,secondary,no,1076,no,no,cellular,11,nov,131,1,96,5,failure,yes
46,technician,married,secondary,no,863,yes,no,cellular,3,feb,67,3,-1,0,unknown,no
66,management,married,unknown,no,2149,yes,no,cellular,26,may,135,2,90,11,success,yes
26,technician,single,tertiary,no,515,no,no,cellular,31,may,775,1,-1,0,unknown,yes
41,technician,married,unknown,no,30,yes,no,cellular,10,jul,151,1,-1,0,unknown,no
77,retired,married,primary,no,2590,no,no,telephone,13,nov,212,3,277,12,failure,yes
33,services,single,unknown,no,523,yes,no,unknown,28,may,86,1,-1,0,unknown,yes
48,services,married,secondary,no,127,no,no,cellular,8,jul,117,1,-1,0,unknown,no
48,blue-collar,married,primary,no,418,yes,no,unknown,9,may,102,3,-1,0,unknown,no
56,admin.,married,secondary,no,1554,yes,yes,cellular,6,feb,15,6,190,27,other,no
43,services,single,secondary,no,550,yes,no,cellular,13,may,107,2,-1,0,unknown,no
35,management,married,tertiary,no,8,no,no,cellular,23,apr,93,3,-1,0,unknown,yes
59,retired,married,secondary,no,163,no,no,cellular,24,jul,464,1,-1,0,unknown,no
33,admin.,single,secondary,no,61,no,no,cellular,24,jul,286,4,-1,0,unknown,no
38,blue-collar,married,primary,no,714,yes,no,unknown,29,may,225,3,-1,0,unknown,no
31,blue-collar,single,tertiary,no,328,yes,no,cellular,14,may,414,1,175,1,failure,no
32,services,single,secondary,no,3993,no,no,cellular,22,may,148,2,-1,0,unknown,yes
29,technician,married,secondary,no,428,no,no,cellular,14,jul,131,4,-1,0,unknown,no
23,student,single,tertiary,no,82,no,no,cellular,4,may,289,4,-1,0,unknown,no
54,entrepreneur,married,tertiary,no,84,no,no,cellular,29,jul,34,2,-1,0,unknown,no
32,services,married,secondary,no,315,no,no,cellular,4,aug,149,1,-1,0,unknown,no
56,blue-collar,married,secondary,no,771,yes,yes,unknown,19,jun,254,1,-1,0,unknown,no
52,self-employed,married,tertiary,no,6657,no,no,telephone,30,apr,917,1,-1,0,unknown,yes
23,admin.,single,tertiary,no,897,yes,no,cellular,8,feb,190,2,280,8,failure,yes
30,management,married,tertiary,no,882,no,no,cellular,22,aug,102,6,-1,0,unknown,no
42,technician,married,secondary,no,1865,yes,no,unknown,15,may,164,1,-1,0,unknown,no
65,retired,married,tertiary,no,1973,no,no,telephone,21,apr,396,3,-1,0,unknown,yes
24,services,married,secondary,no,4500,yes,no,cellular,11,may,733,2,-1,0,unknown,yes
39,services,single,secondary,no,26,yes,no,cellular,14,may,166,3,-1,0,unknown,no
38,blue-collar,married,secondary,no,2467,no,no,cellular,2,jun,192,1,-1,0,unknown,yes
44,blue-collar,single,secondary,no,292,no,yes,cellular,17,jul,1153,4,-1,0,unknown,yes
26,admin.,single,tertiary,no,2532,yes,yes,cellular,18,feb,269,1,-1,0,unknown,yes
44,blue-collar,married,secondary,no,294,yes,no,unknown,19,may,66,2,-1,0,unknown,no
35,self-employed,married,secondary,no,524,yes,no,cellular,21,nov,484,4,-1,0,unknown,no
49,entrepreneur,divorced,secondary,no,2908,no,no,unknown,6,jun,322,1,-1,0,unknown,no
47,student,single,unknown,no,107,no,no,telephone,15,jul,119,8,-1,0,unknown,no
37,management,married,tertiary,no,0,no,no,cellular,16,jul,268,2,182,3,success,yes
49,entrepreneur,married,tertiary,no,4976,yes,no,cellular,21,nov,105,1,-1,0,unknown,no
36,blue-collar,married,secondary,no,0,no,no,cellular,4,feb,235,1,244,1,failure,no
34,management,married,tertiary,no,417,yes,no,cellular,18,nov,138,1,-1,0,unknown,no
35,technician,divorced,secondary,no,0,no,no,cellular,25,aug,124,4,-1,0,unknown,no
54,management,divorced,tertiary,no,5475,no,no,cellular,22,jul,321,4,-1,0,unknown,yes
49,technician,single,unknown,no,443,no,no,unknown,20,jun,25,11,-1,0,unknown,no
38,management,married,tertiary,no,630,no,no,cellular,2,sep,362,1,388,3,other,yes
55,management,married,tertiary,no,13578,no,no,cellular,29,oct,247,2,-1,0,unknown,no
56,retired,married,primary,no,63,no,no,cellular,19,aug,122,2,-1,0,unknown,no
34,technician,single,secondary,no,664,yes,yes,cellular,11,may,88,2,343,2,other,no
31,management,single,tertiary,no,78,yes,no,cellular,22,jul,369,2,-1,0,unknown,no
51,entrepreneur,married,tertiary,no,5254,yes,no,unknown,23,oct,134,1,-1,0,unknown,yes
58,unemployed,single,tertiary,no,2094,no,no,cellular,1,jun,161,2,-1,0,unknown,no
32,student,single,tertiary,no,0,no,no,cellular,4,feb,233,3,276,2,failure,yes
36,entrepreneur,divorced,tertiary,no,776,no,yes,cellular,7,jul,722,3,-1,0,unknown,yes
27,technician,single,secondary,no,740,yes,no,cellular,5,may,294,1,-1,0,unknown,no
55,management,married,tertiary,no,12972,no,no,telephone,18,aug,205,1,-1,0,unknown,yes
26,management,divorced,tertiary,no,667,no,no,telephone,19,jun,177,2,-1,0,unknown,no
28,admin.,married,secondary,no,934,yes,no,unknown,4,jul,53,2,-1,0,unknown,no
55,retired,married,primary,no,1821,no,no,cellular,8,aug,224,2,-1,0,unknown,no
30,services,single,secondary,no,117,no,no,cellular,28,jan,135,1,-1,0,unknown,no
58,management,single,tertiary,no,1387,yes,no,unknown,5,may,174,5,-1,0,unknown,no
34,blue-collar,married,secondary,no,1464,yes,no,cellular,28,aug,207,3,130,5,other,yes
40,management,married,tertiary,no,3352,yes,no,cellular,19,nov,639,2,27,1,success,yes
35,blue-collar,single,primary,no,21,yes,no,unknown,27,may,129,1,-1,0,unknown,no
35,blue-collar,married,primary,no,0,yes,no,cellular,8,may,265,1,290,2,failure,no
37,technician,single,secondary,no,3665,no,no,cellular,12,aug,664,3,-1,0,unknown,yes
46,admin.,married,secondary,no,5021,no,no,cellular,15,jul,957,1,182,1,success,yes
62,management,married,tertiary,no,7458,no,no,cellular,30,oct,212,2,-1,0,unknown,yes
43,housemaid,married,secondary,no,150,no,no,telephone,28,jul,290,7,-1,0,unknown,no
35,technician,married,secondary,no,2201,no,no,telephone,12,apr,350,1,-1,0,unknown,yes
85,retired,married,unknown,no,1934,no,no,telephone,12,jan,140,1,-1,0,unknown,no
59,management,married,tertiary,no,3342,no,no,cellular,18,mar,467,2,188,6,other,yes
54,technician,single,tertiary,no,118,no,no,cellular,5,apr,280,1,-1,0,unknown,yes
53,admin.,married,secondary,no,53,yes,no,cellular,18,may,387,1,-1,0,unknown,yes
36,blue-collar,married,secondary,no,274,yes,no,unknown,16,jun,686,11,-1,0,unknown,yes
35,blue-collar,single,secondary,no,885,yes,no,cellular,15,jul,632,6,-1,0,unknown,yes
39,admin.,divorced,secondary,no,728,yes,yes,cellular,18,oct,222,1,-1,0,unknown,yes
53,blue-collar,married,unknown,no,2509,no,no,telephone,22,may,231,2,-1,0,unknown,yes
36,management,single,tertiary,no,7506,yes,no,cellular,6,may,839,2,188,1,success,yes
40,blue-collar,married,primary,no,34,yes,no,cellular,6,may,350,2,344,1,failure,no
47,technician,married,secondary,no,3466,yes,no,cellular,11,jul,853,2,-1,0,unknown,yes
31,blue-collar,married,primary,no,292,yes,yes,unknown,30,may,30,18,-1,0,unknown,no
37,unemployed,single,tertiary,no,1032,no,no,telephone,4,feb,63,1,-1,0,unknown,no
42,management,married,tertiary,no,1275,yes,yes,cellular,21,nov,925,5,-1,0,unknown,yes
57,services,single,secondary,no,0,no,no,cellular,6,aug,355,1,-1,0,unknown,yes
31,unemployed,single,tertiary,no,302,no,no,cellular,3,feb,349,1,357,3,success,yes
52,technician,divorced,secondary,no,1005,yes,no,cellular,2,jun,195,1,-1,0,unknown,yes
33,services,single,secondary,no,489,yes,no,cellular,4,may,297,4,334,1,other,yes
49,management,married,tertiary,no,0,yes,no,cellular,18,nov,102,1,-1,0,unknown,no
33,services,single,tertiary,no,1595,yes,no,unknown,26,may,296,1,-1,0,unknown,no
43,management,divorced,tertiary,no,3578,no,no,cellular,29,jan,376,2,-1,0,unknown,no
47,management,married,tertiary,no,682,no,no,cellular,18,aug,638,6,-1,0,unknown,yes
63,retired,divorced,tertiary,no,0,no,no,cellular,13,may,263,1,181,2,success,yes
65,retired,divorced,secondary,no,828,no,no,cellular,13,jul,305,1,-1,0,unknown,yes
50,management,single,tertiary,no,1200,no,no,cellular,14,aug,904,3,-1,0,unknown,yes
40,housemaid,married,secondary,no,84,yes,yes,unknown,12,jun,230,7,-1,0,unknown,no
41,admin.,married,tertiary,no,1,yes,no,telephone,18,may,327,2,361,3,failure,yes
64,retired,married,secondary,no,3189,no,no,telephone,15,jun,208,1,-1,0,unknown,yes
43,management,single,tertiary,no,0,no,no,cellular,11,aug,155,2,-1,0,unknown,no
46,entrepreneur,married,secondary,no,3317,no,no,cellular,19,nov,231,2,-1,0,unknown,no
48,entrepreneur,single,secondary,no,315,no,no,unknown,11,feb,271,1,-1,0,unknown,yes
64,unemployed,divorced,secondary,no,588,no,no,cellular,8,mar,409,1,-1,0,unknown,yes
35,services,married,secondary,no,2918,no,yes,cellular,16,jul,815,2,407,3,success,yes
29,technician,single,tertiary,no,2325,no,no,cellular,2,feb,125,1,-1,0,unknown,yes
48,management,single,tertiary,no,5689,no,no,cellular,12,feb,262,1,-1,0,unknown,yes
44,management,married,tertiary,no,58,yes,no,cellular,14,jul,72,3,-1,0,unknown,no
62,retired,divorced,tertiary,no,0,no,no,cellular,13,nov,227,2,-1,0,unknown,yes
77,unknown,married,unknown,no,397,no,no,telephone,8,nov,207,1,185,3,success,no
36,services,single,secondary,no,99,no,no,unknown,17,jun,256,9,-1,0,unknown,no
42,management,married,tertiary,no,1205,no,no,telephone,8,sep,376,2,-1,0,unknown,yes
38,management,married,tertiary,no,1722,yes,no,cellular,10,jul,500,1,-1,0,unknown,yes
56,retired,divorced,primary,no,694,no,no,cellular,29,jan,144,1,102,1,other,yes
37,technician,divorced,secondary,no,3068,yes,yes,cellular,20,nov,370,2,195,1,other,yes
53,admin.,married,secondary,no,1796,no,no,telephone,15,dec,476,1,193,1,failure,yes
38,technician,married,secondary,no,318,no,no,cellular,5,aug,274,1,182,6,success,yes
41,blue-collar,divorced,primary,no,138,yes,no,cellular,18,jul,640,3,-1,0,unknown,yes
58,blue-collar,married,primary,no,3109,no,no,cellular,29,jun,295,1,287,4,success,yes
57,management,married,tertiary,no,256,no,no,cellular,5,jun,304,2,91,1,success,yes
64,retired,married,primary,no,12067,no,no,telephone,30,jul,367,2,92,2,success,yes
55,management,single,tertiary,no,797,no,no,cellular,29,jul,24,2,-1,0,unknown,no
58,retired,married,tertiary,no,0,no,no,cellular,13,aug,641,4,-1,0,unknown,yes
38,admin.,divorced,secondary,no,-51,no,yes,cellular,30,jan,102,1,-1,0,unknown,no
37,services,married,secondary,no,4017,no,no,cellular,30,apr,665,2,196,1,success,yes
57,retired,married,secondary,no,3738,yes,no,cellular,19,apr,220,1,367,7,success,no
37,blue-collar,married,primary,no,106,yes,no,cellular,25,aug,511,1,392,13,failure,yes
65,management,married,secondary,no,587,no,no,cellular,15,apr,223,2,-1,0,unknown,yes
37,unemployed,married,secondary,no,1978,no,no,cellular,9,sep,404,1,182,1,success,yes
44,technician,married,secondary,no,945,yes,no,cellular,4,aug,190,1,-1,0,unknown,no
37,blue-collar,married,secondary,no,4321,no,no,cellular,5,jun,657,1,-1,0,unknown,yes
27,services,single,secondary,no,302,no,no,cellular,3,jul,203,1,-1,0,unknown,yes
35,management,married,secondary,no,339,yes,no,unknown,23,may,317,1,-1,0,unknown,no
40,technician,single,secondary,no,153,no,no,cellular,7,aug,125,2,-1,0,unknown,no
46,blue-collar,married,primary,no,-29,yes,no,unknown,12,may,322,1,-1,0,unknown,no
67,unknown,married,tertiary,no,7687,no,no,telephone,30,oct,70,3,-1,0,unknown,no
37,management,married,tertiary,no,2951,no,no,cellular,21,nov,101,3,-1,0,unknown,no
36,management,single,tertiary,no,13,no,yes,cellular,18,nov,106,1,-1,0,unknown,no
27,services,single,secondary,no,195,yes,no,cellular,25,feb,416,3,-1,0,unknown,yes
74,retired,divorced,primary,no,166,no,no,cellular,13,aug,99,1,-1,0,unknown,no
56,technician,divorced,secondary,no,179,no,no,cellular,18,jul,536,1,-1,0,unknown,yes
40,technician,married,secondary,no,192,yes,yes,cellular,15,may,16,8,351,5,failure,no
47,entrepreneur,married,secondary,no,0,no,no,unknown,5,jun,1446,1,-1,0,unknown,yes
40,blue-collar,married,primary,no,278,yes,no,unknown,23,may,1015,3,-1,0,unknown,yes
47,blue-collar,married,secondary,no,1730,yes,no,cellular,30,apr,231,1,-1,0,unknown,yes
45,admin.,divorced,tertiary,no,1506,no,no,cellular,28,jul,365,4,-1,0,unknown,yes
57,blue-collar,married,primary,no,630,yes,no,unknown,29,may,52,1,-1,0,unknown,no
67,retired,married,primary,no,2391,no,no,cellular,28,jun,737,6,186,10,other,yes
30,services,single,secondary,no,1268,yes,no,cellular,8,apr,105,4,320,8,other,yes
52,services,married,primary,no,1625,no,no,cellular,8,aug,459,2,-1,0,unknown,yes
43,management,married,unknown,no,275,no,no,cellular,9,apr,109,2,339,2,failure,no
38,blue-collar,single,secondary,no,-56,yes,yes,unknown,6,jun,247,2,-1,0,unknown,no
51,blue-collar,married,tertiary,no,7816,yes,no,unknown,12,may,76,2,-1,0,unknown,no
33,technician,single,tertiary,no,179,yes,no,cellular,18,nov,432,2,181,4,other,no
71,retired,married,tertiary,no,653,no,no,telephone,26,feb,367,1,-1,0,unknown,yes
28,technician,single,tertiary,no,375,yes,no,cellular,14,may,43,1,350,1,other,no
22,student,single,secondary,no,144,no,no,cellular,21,aug,116,1,-1,0,unknown,yes
33,self-employed,married,primary,no,1862,yes,no,unknown,12,may,65,1,-1,0,unknown,no
38,entrepreneur,married,secondary,no,65,no,no,cellular,5,feb,173,1,-1,0,unknown,no
36,management,married,tertiary,no,673,yes,no,cellular,16,jul,689,1,-1,0,unknown,yes
60,management,married,tertiary,yes,-311,no,no,cellular,25,aug,151,6,-1,0,unknown,no
52,management,married,secondary,no,0,yes,yes,unknown,27,may,62,13,-1,0,unknown,no
37,management,single,tertiary,no,2173,no,no,cellular,21,nov,158,3,114,1,failure,no
36,blue-collar,married,primary,no,871,yes,yes,telephone,18,nov,2,1,-1,0,unknown,no
57,management,married,tertiary,no,337,no,no,cellular,5,feb,59,2,-1,0,unknown,no
36,blue-collar,divorced,primary,no,17,yes,no,cellular,16,jul,329,1,-1,0,unknown,no
52,admin.,married,secondary,no,484,yes,no,unknown,6,may,128,1,-1,0,unknown,no
59,retired,married,secondary,no,136,no,no,cellular,6,aug,301,4,-1,0,unknown,no
54,management,married,tertiary,no,588,no,no,cellular,13,aug,327,1,-1,0,unknown,no
27,student,single,tertiary,no,5291,no,no,cellular,11,feb,293,1,91,4,success,yes
74,retired,divorced,secondary,no,4079,no,no,cellular,19,oct,343,3,-1,0,unknown,yes
31,management,single,tertiary,no,12857,yes,no,telephone,4,may,483,4,87,2,success,yes
47,blue-collar,married,secondary,yes,-614,yes,no,unknown,26,may,118,2,-1,0,unknown,no
59,admin.,married,secondary,no,3735,no,no,cellular,17,jun,243,3,91,6,success,yes
30,student,single,tertiary,no,2539,no,no,telephone,5,mar,199,5,-1,0,unknown,yes
32,services,single,secondary,no,72,no,no,cellular,28,jul,88,9,-1,0,unknown,no
30,technician,single,secondary,no,486,no,no,cellular,28,jan,335,3,-1,0,unknown,no
58,admin.,divorced,secondary,no,3337,yes,no,telephone,8,oct,369,2,690,3,failure,yes
41,entrepreneur,married,tertiary,no,306,yes,no,unknown,20,jun,102,3,-1,0,unknown,no
48,admin.,divorced,secondary,no,4099,no,no,cellular,2,apr,397,2,-1,0,unknown,yes
80,retired,married,secondary,no,668,no,no,telephone,8,jul,250,1,371,1,success,yes
47,admin.,single,secondary,no,594,yes,no,unknown,7,may,161,1,-1,0,unknown,no
54,services,divorced,secondary,no,0,no,no,cellular,1,jun,174,1,81,2,success,yes
31,management,single,tertiary,no,0,no,no,cellular,25,aug,191,5,-1,0,unknown,no
68,retired,divorced,primary,no,476,no,no,telephone,28,jun,363,1,-1,0,unknown,yes
43,blue-collar,married,primary,no,0,yes,no,unknown,20,may,592,1,-1,0,unknown,no
60,retired,divorced,secondary,no,1091,no,no,cellular,30,jul,441,5,-1,0,unknown,yes
44,technician,married,secondary,no,1901,no,no,cellular,6,aug,165,2,-1,0,unknown,no
26,unemployed,single,secondary,no,622,no,no,cellular,28,jan,1451,2,-1,0,unknown,yes
72,retired,married,secondary,no,2850,no,no,cellular,16,oct,131,2,241,1,success,no
46,management,married,tertiary,no,0,no,no,cellular,26,may,401,1,-1,0,unknown,no
42,technician,married,secondary,no,994,yes,no,cellular,11,aug,149,1,78,5,failure,yes
77,retired,single,primary,no,300,no,no,cellular,9,sep,511,1,-1,0,unknown,no
69,retired,married,unknown,no,426,no,no,telephone,9,mar,225,1,90,1,success,yes
36,blue-collar,married,primary,no,828,no,no,cellular,13,may,1512,1,345,8,failure,yes
40,services,single,secondary,no,224,yes,no,cellular,17,apr,875,2,-1,0,unknown,yes
56,retired,married,secondary,no,5879,no,no,unknown,20,jun,237,3,-1,0,unknown,no
65,retired,married,primary,no,308,no,no,cellular,1,sep,400,1,-1,0,unknown,yes
37,management,married,primary,no,4721,no,no,telephone,28,jan,46,1,-1,0,unknown,no
42,unemployed,divorced,secondary,no,325,yes,no,unknown,28,may,97,4,-1,0,unknown,no
47,blue-collar,married,secondary,no,665,no,no,cellular,18,aug,885,3,-1,0,unknown,no
30,technician,single,secondary,no,4684,yes,no,cellular,30,apr,268,3,-1,0,unknown,yes
58,management,divorced,tertiary,no,372,no,yes,unknown,29,oct,11,1,-1,0,unknown,yes
35,technician,married,secondary,no,4508,yes,no,cellular,18,nov,854,1,-1,0,unknown,yes
32,technician,married,secondary,no,660,no,no,cellular,25,oct,226,2,490,1,failure,yes
52,management,divorced,tertiary,no,-803,yes,no,cellular,7,aug,131,3,-1,0,unknown,no
36,blue-collar,married,secondary,no,537,no,yes,cellular,7,jul,206,6,-1,0,unknown,no
52,technician,married,secondary,no,930,yes,no,unknown,2,jun,94,16,-1,0,unknown,no
34,blue-collar,single,secondary,no,341,yes,no,unknown,8,may,195,1,-1,0,unknown,no
42,management,married,tertiary,no,0,no,no,cellular,13,aug,325,2,-1,0,unknown,no
43,unknown,married,primary,no,0,yes,no,cellular,9,jul,132,1,-1,0,unknown,no
30,blue-collar,single,secondary,no,7773,yes,no,cellular,20,nov,705,1,-1,0,unknown,yes
57,admin.,divorced,secondary,no,-461,yes,yes,unknown,4,jun,145,8,-1,0,unknown,no
40,blue-collar,married,secondary,no,10,yes,no,unknown,9,may,1692,2,-1,0,unknown,yes
41,management,divorced,tertiary,no,1401,no,no,unknown,16,jun,110,4,-1,0,unknown,no
31,management,single,tertiary,no,307,no,no,cellular,8,jul,361,1,229,2,failure,yes
26,technician,single,tertiary,no,401,no,no,cellular,5,may,188,2,-1,0,unknown,yes
42,unemployed,married,secondary,no,-165,yes,yes,unknown,27,may,179,3,-1,0,unknown,no
33,technician,married,secondary,no,390,no,no,cellular,13,aug,460,2,-1,0,unknown,no
33,technician,married,secondary,no,0,no,no,cellular,25,aug,296,8,-1,0,unknown,no
52,blue-collar,divorced,primary,no,2800,no,no,unknown,19,jun,149,1,-1,0,unknown,no
34,admin.,married,secondary,no,430,yes,no,cellular,21,jul,82,4,-1,0,unknown,no
44,technician,single,primary,no,237,yes,no,cellular,25,jul,54,1,-1,0,unknown,no
35,management,married,tertiary,no,71,yes,no,cellular,30,apr,510,2,-1,0,unknown,no
54,management,married,tertiary,no,0,no,yes,cellular,19,nov,307,3,-1,0,unknown,no
30,blue-collar,single,secondary,no,228,no,no,cellular,5,feb,232,1,365,1,failure,no
44,admin.,divorced,secondary,no,21,yes,no,cellular,13,apr,681,3,-1,0,unknown,no
40,blue-collar,divorced,secondary,no,0,yes,no,unknown,6,may,121,2,-1,0,unknown,no
29,admin.,single,secondary,no,163,yes,yes,unknown,16,may,803,1,-1,0,unknown,yes
59,retired,divorced,secondary,no,514,no,no,cellular,4,may,673,6,90,1,success,yes
31,technician,single,secondary,no,4888,yes,no,telephone,5,may,475,4,166,2,failure,no
55,unemployed,married,primary,no,1212,no,no,cellular,31,aug,241,1,92,1,failure,no
59,admin.,divorced,secondary,no,1525,no,no,telephone,29,jul,90,2,-1,0,unknown,no
30,admin.,married,secondary,no,482,no,no,cellular,23,apr,86,1,-1,0,unknown,no
39,services,married,secondary,no,1179,no,no,cellular,25,may,284,1,-1,0,unknown,yes
33,blue-collar,married,unknown,no,2655,yes,no,cellular,21,nov,195,1,-1,0,unknown,no
36,self-employed,single,secondary,no,1295,no,no,cellular,20,nov,1192,1,-1,0,unknown,yes
39,admin.,single,secondary,no,2749,yes,no,cellular,19,nov,128,1,-1,0,unknown,no
32,services,married,secondary,no,3756,yes,no,unknown,4,jun,85,3,-1,0,unknown,no
31,admin.,married,secondary,no,879,yes,no,cellular,13,may,394,1,-1,0,unknown,yes
59,management,married,primary,no,2769,yes,no,cellular,19,nov,104,1,131,2,failure,no
30,management,single,tertiary,no,5359,no,no,cellular,27,may,119,1,98,1,success,yes
67,retired,single,tertiary,no,2144,no,no,telephone,21,apr,847,2,-1,0,unknown,yes
41,unemployed,married,secondary,no,0,yes,yes,cellular,5,may,400,1,-1,0,unknown,yes
34,blue-collar,married,primary,no,1031,yes,no,unknown,29,may,751,3,-1,0,unknown,yes
48,management,single,tertiary,no,159,no,no,telephone,7,jul,229,1,251,6,success,yes
59,retired,married,primary,no,3648,no,no,telephone,19,jun,1321,3,-1,0,unknown,yes
31,blue-collar,married,secondary,no,1779,yes,no,unknown,5,jun,85,2,-1,0,unknown,no
44,admin.,married,secondary,no,10905,no,no,cellular,19,aug,240,2,271,1,other,yes
28,management,single,tertiary,no,385,no,yes,cellular,9,feb,79,4,193,7,failure,no
32,blue-collar,married,primary,no,902,yes,no,unknown,27,may,106,2,-1,0,unknown,no
35,technician,single,tertiary,no,144,yes,yes,cellular,4,feb,202,4,113,20,failure,no
34,services,divorced,secondary,no,89,yes,no,cellular,15,may,1871,4,-1,0,unknown,yes
60,blue-collar,married,secondary,no,414,no,no,cellular,4,feb,147,1,-1,0,unknown,no
29,blue-collar,married,secondary,no,246,yes,no,cellular,28,jul,194,5,-1,0,unknown,no
24,management,single,secondary,no,86,no,no,unknown,2,jun,1075,2,-1,0,unknown,no
55,management,married,tertiary,no,5010,no,no,cellular,18,nov,530,1,-1,0,unknown,no
31,blue-collar,married,secondary,no,92,yes,no,unknown,16,may,688,1,-1,0,unknown,yes
32,blue-collar,single,secondary,no,5252,yes,no,unknown,21,may,1162,2,-1,0,unknown,no
35,blue-collar,married,primary,no,4319,no,no,cellular,16,apr,266,1,-1,0,unknown,no
52,technician,married,secondary,no,137,no,no,cellular,6,jul,227,2,-1,0,unknown,yes
35,technician,married,secondary,no,905,no,yes,cellular,21,aug,114,2,-1,0,unknown,no
43,blue-collar,married,primary,no,-192,yes,no,unknown,8,may,1120,2,-1,0,unknown,yes
33,management,single,tertiary,no,718,yes,no,cellular,6,apr,122,1,98,2,success,yes
36,technician,single,tertiary,no,962,yes,no,cellular,8,may,568,1,-1,0,unknown,yes
29,admin.,divorced,secondary,no,1320,yes,yes,unknown,8,may,489,1,-1,0,unknown,no
23,blue-collar,single,secondary,no,492,yes,no,unknown,4,jun,638,1,-1,0,unknown,yes
43,unemployed,married,tertiary,no,0,no,no,cellular,18,oct,464,1,94,2,success,yes
34,admin.,married,secondary,no,247,no,no,cellular,8,oct,401,2,-1,0,unknown,yes
50,technician,married,secondary,no,103,yes,no,unknown,12,may,79,6,-1,0,unknown,no
31,unemployed,divorced,tertiary,no,256,yes,no,cellular,16,jul,873,2,-1,0,unknown,yes
52,retired,married,unknown,no,293,no,no,unknown,11,jun,706,1,-1,0,unknown,yes
33,management,single,tertiary,no,5437,no,no,cellular,4,may,267,1,91,1,failure,yes
27,unknown,single,unknown,no,326,no,no,cellular,22,feb,326,1,-1,0,unknown,yes
51,retired,married,secondary,no,1435,no,no,unknown,11,jun,587,1,-1,0,unknown,yes
59,services,single,secondary,no,739,no,no,cellular,14,jan,408,1,-1,0,unknown,yes
43,self-employed,single,primary,no,1337,yes,yes,cellular,20,nov,632,2,-1,0,unknown,no
33,technician,married,secondary,no,2362,yes,no,cellular,26,aug,271,4,-1,0,unknown,no
30,admin.,single,secondary,no,-213,yes,yes,unknown,27,may,751,1,-1,0,unknown,yes
32,admin.,single,secondary,no,4344,yes,no,cellular,17,nov,79,2,118,3,failure,no
60,retired,married,secondary,no,5267,no,no,cellular,4,sep,520,1,-1,0,unknown,yes
34,blue-collar,married,secondary,no,262,no,no,cellular,1,jun,339,1,-1,0,unknown,yes
81,retired,divorced,primary,no,949,no,no,cellular,27,sep,188,2,280,1,other,yes
47,admin.,married,secondary,no,29,no,yes,cellular,22,aug,150,8,-1,0,unknown,no
33,management,married,tertiary,no,0,yes,no,cellular,9,jul,310,1,-1,0,unknown,no
39,management,divorced,tertiary,no,30,no,yes,cellular,3,feb,265,4,-1,0,unknown,no
26,management,single,tertiary,no,1646,no,no,cellular,18,sep,890,5,-1,0,unknown,yes
44,blue-collar,single,primary,no,0,yes,no,cellular,24,jul,184,1,-1,0,unknown,no
45,technician,single,tertiary,no,0,no,no,cellular,18,aug,773,4,-1,0,unknown,yes
30,management,single,tertiary,no,0,no,no,cellular,18,aug,124,3,-1,0,unknown,no
40,entrepreneur,single,secondary,no,5,no,yes,cellular,15,jul,117,3,-1,0,unknown,no
61,admin.,married,secondary,no,1046,yes,no,cellular,21,aug,158,1,-1,0,unknown,yes
34,services,single,secondary,no,1239,yes,no,unknown,23,may,164,1,-1,0,unknown,no
60,blue-collar,married,secondary,no,2879,yes,no,cellular,5,aug,122,1,-1,0,unknown,no
36,blue-collar,married,primary,no,243,yes,yes,unknown,30,may,118,2,-1,0,unknown,no
29,admin.,single,secondary,no,382,yes,no,unknown,12,may,460,1,-1,0,unknown,no
50,technician,married,secondary,no,416,yes,no,unknown,5,jun,494,5,-1,0,unknown,yes
46,management,married,tertiary,no,125,yes,no,telephone,12,may,81,5,-1,0,unknown,no
38,admin.,married,secondary,no,1559,no,no,cellular,3,mar,136,2,280,1,failure,yes
55,admin.,married,secondary,no,139,no,no,cellular,30,apr,241,1,-1,0,unknown,yes
35,self-employed,single,secondary,no,951,yes,no,cellular,19,nov,220,2,-1,0,unknown,no
25,blue-collar,single,secondary,no,-191,yes,no,unknown,19,jun,958,7,-1,0,unknown,yes
68,retired,divorced,primary,no,2027,no,no,cellular,15,jun,619,2,92,2,success,yes
45,admin.,married,secondary,no,805,yes,no,unknown,15,may,186,3,-1,0,unknown,no
29,technician,single,secondary,no,674,no,no,cellular,30,apr,483,1,13,5,success,yes
40,self-employed,single,tertiary,no,-94,yes,no,cellular,16,jul,90,1,-1,0,unknown,no
45,entrepreneur,married,tertiary,no,20138,yes,no,cellular,20,nov,871,5,-1,0,unknown,yes
36,technician,married,secondary,no,368,yes,yes,unknown,6,may,1597,2,-1,0,unknown,yes
46,technician,divorced,secondary,no,1,yes,yes,unknown,26,may,200,3,-1,0,unknown,no
45,unknown,divorced,unknown,no,0,no,no,cellular,21,apr,278,3,-1,0,unknown,yes
36,services,single,secondary,no,0,yes,no,cellular,12,may,398,6,-1,0,unknown,yes
52,retired,married,tertiary,no,350,no,yes,cellular,9,jul,156,1,-1,0,unknown,no
55,blue-collar,married,unknown,no,890,no,no,cellular,22,aug,1329,2,-1,0,unknown,yes
35,management,divorced,tertiary,no,3837,yes,no,unknown,8,may,1084,1,-1,0,unknown,yes
24,blue-collar,single,primary,no,1033,yes,no,cellular,24,nov,283,1,-1,0,unknown,no
62,management,married,secondary,no,1128,no,no,cellular,2,sep,236,1,290,3,other,yes
32,technician,single,secondary,no,3297,no,no,cellular,11,aug,99,2,-1,0,unknown,no
28,admin.,single,secondary,no,136,no,no,cellular,16,jun,355,1,-1,0,unknown,yes
36,services,married,primary,no,92,yes,no,cellular,5,jun,244,7,-1,0,unknown,yes
24,self-employed,single,tertiary,no,2984,yes,no,unknown,27,may,935,1,-1,0,unknown,yes
44,technician,single,tertiary,no,678,no,no,cellular,3,feb,111,1,124,2,other,no
33,management,single,tertiary,no,3552,no,no,cellular,13,feb,158,2,85,3,failure,yes
38,blue-collar,single,tertiary,no,172,yes,no,cellular,1,apr,1176,1,-1,0,unknown,yes
51,technician,married,secondary,no,2682,no,no,unknown,18,jun,56,1,-1,0,unknown,no
21,student,single,secondary,no,357,no,no,cellular,2,sep,115,3,-1,0,unknown,no
33,management,married,tertiary,no,23,yes,yes,cellular,6,feb,150,1,-1,0,unknown,no
52,blue-collar,married,secondary,no,2230,no,no,cellular,29,oct,423,3,-1,0,unknown,yes
38,services,married,secondary,no,133,yes,no,unknown,27,may,267,1,-1,0,unknown,no
47,management,married,tertiary,no,0,no,no,unknown,5,jun,265,2,-1,0,unknown,no
43,blue-collar,single,secondary,no,740,yes,no,unknown,20,jun,585,2,-1,0,unknown,yes
32,management,married,tertiary,no,905,no,no,cellular,12,feb,666,4,-1,0,unknown,yes
50,blue-collar,married,primary,no,12519,yes,no,cellular,21,nov,615,3,34,1,failure,yes
31,admin.,single,secondary,no,0,no,no,cellular,17,apr,188,3,-1,0,unknown,yes
31,blue-collar,married,secondary,no,43,yes,no,unknown,19,may,405,3,-1,0,unknown,no
31,blue-collar,married,secondary,no,136,no,no,cellular,12,may,228,2,267,1,failure,yes
54,blue-collar,divorced,unknown,no,-473,yes,no,cellular,14,may,239,1,351,2,failure,no
32,admin.,single,secondary,no,10218,yes,no,cellular,19,nov,149,2,-1,0,unknown,no
64,retired,married,tertiary,no,380,no,no,cellular,25,aug,479,1,-1,0,unknown,yes
48,housemaid,single,secondary,no,71,no,no,cellular,28,aug,97,3,-1,0,unknown,no
43,blue-collar,married,primary,no,3917,no,no,cellular,2,mar,154,1,-1,0,unknown,yes
25,student,single,secondary,no,469,no,no,cellular,21,aug,273,1,86,1,other,yes
43,management,married,tertiary,no,40,no,no,cellular,10,feb,147,1,-1,0,unknown,yes
25,technician,single,secondary,no,1298,no,no,cellular,2,sep,206,7,94,2,other,no
36,management,married,tertiary,no,203,no,no,cellular,23,jul,608,3,179,2,success,yes
32,technician,married,secondary,no,901,yes,no,unknown,21,may,102,3,-1,0,unknown,no
35,management,married,tertiary,no,4124,yes,no,cellular,23,jul,350,2,445,7,other,yes
32,technician,married,secondary,no,11431,no,no,cellular,12,aug,141,5,-1,0,unknown,no
32,admin.,single,secondary,no,-32,no,no,cellular,29,jan,320,1,185,5,other,no
32,self-employed,married,secondary,no,67,no,no,cellular,5,aug,153,1,-1,0,unknown,no
43,blue-collar,married,primary,no,8,no,no,telephone,7,jul,245,5,-1,0,unknown,no
29,admin.,single,secondary,no,-194,yes,no,cellular,7,may,127,1,-1,0,unknown,no
39,entrepreneur,married,primary,no,437,yes,no,unknown,27,oct,150,1,-1,0,unknown,yes
49,services,married,secondary,no,388,no,no,telephone,31,jul,1032,4,-1,0,unknown,yes
45,admin.,divorced,secondary,no,0,no,no,cellular,29,oct,264,1,-1,0,unknown,yes
38,technician,divorced,secondary,no,-397,yes,yes,cellular,21,jul,91,9,-1,0,unknown,no
41,blue-collar,married,secondary,no,2717,yes,yes,cellular,24,jul,559,2,-1,0,unknown,no
35,blue-collar,divorced,primary,no,1792,yes,no,cellular,31,jul,630,6,-1,0,unknown,yes
45,technician,married,secondary,no,1412,yes,no,cellular,11,may,764,4,-1,0,unknown,no
35,blue-collar,married,secondary,no,270,yes,yes,cellular,6,apr,332,2,335,1,failure,no
36,entrepreneur,married,primary,no,177,yes,no,unknown,12,may,63,5,-1,0,unknown,no
45,technician,married,secondary,no,2403,no,no,cellular,21,nov,207,1,-1,0,unknown,no
42,housemaid,married,primary,no,4279,yes,no,cellular,22,jul,98,1,-1,0,unknown,no
54,management,married,tertiary,no,154,no,no,unknown,9,may,155,3,-1,0,unknown,no
33,technician,single,tertiary,no,1636,yes,no,cellular,4,may,592,1,66,1,success,yes
28,blue-collar,single,secondary,no,1011,yes,no,cellular,20,apr,204,3,-1,0,unknown,no
36,admin.,divorced,secondary,no,592,no,no,cellular,13,oct,204,2,99,5,failure,yes
40,admin.,married,secondary,no,341,no,no,cellular,31,jul,1142,5,-1,0,unknown,yes
46,blue-collar,married,secondary,no,1723,no,no,cellular,17,jun,176,2,52,7,failure,yes
34,unemployed,married,secondary,no,978,no,no,cellular,3,jun,262,2,71,1,success,yes
37,management,married,tertiary,no,7100,no,no,cellular,20,nov,757,2,-1,0,unknown,no
32,services,single,secondary,no,152,yes,no,cellular,25,may,158,2,-1,0,unknown,yes
57,admin.,divorced,secondary,no,3100,no,yes,cellular,29,jul,165,2,-1,0,unknown,no
30,technician,single,secondary,no,1286,no,no,telephone,28,aug,44,12,-1,0,unknown,no
30,admin.,divorced,secondary,no,377,yes,no,unknown,4,jun,524,15,-1,0,unknown,yes
61,retired,married,secondary,no,523,no,no,cellular,13,aug,211,3,183,4,success,yes
40,blue-collar,married,primary,no,665,yes,no,cellular,9,jul,781,1,-1,0,unknown,yes
29,technician,married,secondary,no,-910,yes,no,cellular,21,jul,260,1,-1,0,unknown,no
28,self-employed,single,tertiary,no,805,no,no,cellular,16,feb,331,1,-1,0,unknown,yes
41,self-employed,single,unknown,no,426,yes,no,unknown,19,jun,75,1,-1,0,unknown,no
36,management,married,tertiary,no,1257,no,no,cellular,8,feb,108,9,101,1,other,no
45,blue-collar,single,secondary,no,0,yes,no,cellular,26,apr,1472,1,192,4,failure,yes
54,blue-collar,married,primary,no,950,yes,no,unknown,15,may,285,2,-1,0,unknown,no
26,blue-collar,single,primary,no,941,no,no,cellular,29,jan,1165,1,-1,0,unknown,yes
32,services,married,secondary,no,1273,yes,no,cellular,16,apr,1365,2,328,1,failure,yes
30,technician,married,secondary,no,776,no,no,cellular,30,apr,861,2,-1,0,unknown,yes
57,blue-collar,married,secondary,no,773,yes,yes,unknown,18,jun,97,8,-1,0,unknown,no
50,retired,married,secondary,no,8648,no,no,cellular,12,may,731,3,176,1,failure,yes
35,technician,married,secondary,no,1144,no,no,cellular,20,aug,197,13,-1,0,unknown,no
36,technician,married,secondary,no,1466,yes,no,unknown,29,may,441,1,-1,0,unknown,no
39,services,married,secondary,no,304,yes,yes,unknown,9,may,323,1,-1,0,unknown,no
83,retired,divorced,primary,no,4565,no,no,cellular,13,sep,175,2,-1,0,unknown,no
31,blue-collar,divorced,secondary,no,-277,yes,no,telephone,17,jul,1008,2,-1,0,unknown,yes
33,management,married,tertiary,no,71,no,no,cellular,16,nov,136,1,287,1,failure,no
43,housemaid,single,primary,no,24,no,no,cellular,31,jul,35,2,-1,0,unknown,no
22,student,single,tertiary,no,691,no,no,cellular,30,nov,260,5,103,1,success,yes
55,technician,married,secondary,no,276,yes,no,unknown,12,may,486,1,-1,0,unknown,no
24,student,single,secondary,no,1123,no,no,cellular,13,jul,475,1,412,1,other,yes
29,blue-collar,married,secondary,no,5903,yes,no,unknown,8,may,194,1,-1,0,unknown,no
33,services,single,unknown,no,2297,no,no,cellular,27,jul,527,1,-1,0,unknown,yes
22,student,single,unknown,no,466,no,no,cellular,30,jun,377,1,-1,0,unknown,yes
35,self-employed,married,secondary,no,598,yes,no,cellular,20,apr,245,1,-1,0,unknown,no
70,retired,divorced,primary,no,482,no,no,telephone,14,jul,413,1,181,3,success,yes
34,technician,married,primary,no,1301,no,no,cellular,2,feb,56,1,-1,0,unknown,no
32,technician,married,secondary,no,303,yes,no,cellular,8,apr,150,1,267,4,failure,yes
28,blue-collar,married,secondary,no,751,yes,no,cellular,22,jul,598,5,-1,0,unknown,yes
33,management,single,tertiary,no,541,yes,yes,unknown,21,may,572,1,-1,0,unknown,no
36,management,single,tertiary,no,442,yes,yes,cellular,29,jul,102,3,-1,0,unknown,no
34,technician,single,secondary,no,60,no,no,cellular,7,aug,274,2,-1,0,unknown,no
42,blue-collar,single,primary,no,92,no,no,cellular,30,jul,86,2,-1,0,unknown,no
58,management,divorced,tertiary,no,5037,yes,no,cellular,18,nov,1437,2,-1,0,unknown,yes
38,services,married,secondary,no,4017,no,no,cellular,4,aug,470,1,96,3,success,yes
34,blue-collar,married,primary,no,425,yes,no,cellular,16,jul,1389,7,-1,0,unknown,no
51,self-employed,married,secondary,no,44,yes,yes,telephone,21,jul,79,1,-1,0,unknown,no
28,student,single,tertiary,no,22,yes,no,cellular,15,may,536,2,-1,0,unknown,yes
31,technician,single,secondary,no,2088,no,no,cellular,9,feb,15,14,-1,0,unknown,no
76,management,married,unknown,no,1780,yes,no,telephone,23,apr,413,3,-1,0,unknown,yes
31,management,single,tertiary,no,165,no,yes,cellular,8,aug,523,2,-1,0,unknown,yes
48,technician,divorced,tertiary,no,2328,no,no,cellular,27,aug,129,7,-1,0,unknown,no
32,blue-collar,single,secondary,no,435,yes,no,unknown,21,may,373,2,-1,0,unknown,no
45,management,single,tertiary,no,2048,yes,no,cellular,18,oct,310,1,804,1,failure,yes
32,management,married,tertiary,no,927,no,no,cellular,8,oct,282,1,-1,0,unknown,no
30,student,single,unknown,no,4468,no,no,cellular,2,feb,204,1,-1,0,unknown,yes
27,admin.,single,secondary,no,125,no,no,cellular,21,jul,104,1,288,8,failure,no
43,blue-collar,married,secondary,no,514,yes,yes,cellular,20,apr,34,2,-1,0,unknown,no
43,services,married,secondary,no,122,yes,no,cellular,5,may,355,2,-1,0,unknown,no
59,retired,married,unknown,no,178,yes,no,telephone,11,jul,330,2,-1,0,unknown,no
30,blue-collar,married,secondary,no,673,yes,no,unknown,20,may,610,2,-1,0,unknown,no
72,retired,married,tertiary,no,2,no,no,cellular,7,aug,147,2,-1,0,unknown,yes
64,housemaid,married,primary,no,768,no,no,cellular,14,jan,371,1,-1,0,unknown,yes
42,management,married,tertiary,no,1272,yes,no,cellular,5,may,117,1,169,1,failure,no
38,technician,divorced,secondary,no,902,yes,no,cellular,3,feb,650,1,-1,0,unknown,yes
35,management,single,tertiary,no,1496,yes,no,cellular,22,aug,73,4,-1,0,unknown,no
23,admin.,single,secondary,no,1104,yes,no,unknown,12,may,120,2,-1,0,unknown,no
52,technician,married,tertiary,no,2557,no,no,cellular,8,jul,340,1,156,1,other,yes
41,admin.,married,tertiary,no,5426,yes,no,unknown,14,may,149,2,-1,0,unknown,no
32,services,married,secondary,no,264,yes,yes,cellular,19,nov,1502,1,-1,0,unknown,yes
51,housemaid,divorced,secondary,no,9228,no,no,cellular,18,jul,655,4,-1,0,unknown,yes
45,unemployed,divorced,secondary,no,3354,yes,no,unknown,29,may,746,1,-1,0,unknown,yes
38,services,married,secondary,no,775,no,no,cellular,12,feb,1835,3,182,2,success,yes
34,management,single,tertiary,no,268,no,no,cellular,7,sep,587,1,-1,0,unknown,yes
38,blue-collar,divorced,secondary,no,2998,yes,no,unknown,11,jun,91,1,-1,0,unknown,no
28,student,single,secondary,no,1925,no,no,cellular,25,may,252,1,88,4,failure,yes
